plot,burn,site,date,decid_prop_canopy,piba_prop_canopy,stand_dominance,time_after_fire,moisture,nonvascular_functionalgroup,avg_org_carbon,ecozone,avg_carbon_stock,latitude,longitude 
C1-14A,C1,C1-14,2018-06-13,0.032258065,0.709677419,Jack Pine,83,Xeric,Lichen,4.05,shield,2.557465309,62.731584,-115.648558
C1-17A,C1,C1-17,2018-06-10,0,0,Black Spruce,65,Mesic,Lichen,10.7,shield,3.798637778,62.728687,-115.69965
C1-19A,C1,C1-19,2018-06-13,0,0,Black Spruce,82,Hydric,Sphagnum,25.75,shield,2.870863984,62.690862,-115.470054
C1-19B,C1,C1-19,2018-06-13,0,0.65,Jack Pine,84,Xeric,Lichen,5.1,shield,2.092274485,62.691898,-115.469811
C1-21A,C1,C1-21,2018-06-14,0.023529412,0,Black Spruce,79,Hydric,Colonizers,27.95,shield,12.76449719,62.727336,-115.629471
C1-21B,C1,C1-21,2018-06-14,0.05,0.575,Jack Pine,87,Xeric,Lichen,5.25,shield,3.080881558,62.726469,-115.632376
C1-32A,C1,C1-32,2018-06-12,0.931034483,0.034482759,Deciduous,77,Xeric,Lichen,6.6,shield,2.047825975,62.660851,-115.347666
C1-32B,C1,C1-32,2018-06-12,0,0.6,Jack Pine,89,Xeric,Lichen,7.1,shield,3.8830125,62.660989,-115.350219
C1-32C,C1,C1-32,2018-06-12,0.0625,0.010416667,Black Spruce,79,Hydric,Pleurocarpous,13.75,shield,6.290473471,62.662726,-115.347985
C1-8A,C1,C1-8,2018-06-15,0,0,Mixed,68,Xeric,Lichen,11.75,shield,10.77118818,62.706916,-115.603876
C1-8B,C1,C1-8,2018-06-15,0,0.020408163,Black Spruce,81,Hydric,Sphagnum,25.05,shield,3.218701194,62.708606,-115.600581
C1-8C,C1,C1-8,2018-06-15,0,0.888888889,Jack Pine,85,Xeric,Lichen,2.9,shield,0.440947169,62.710002,-115.600861
C2-11A,C2,C2-11,2018-06-11,0.328767123,0.335616438,Mixed,85,Xeric,Lichen,4.5,shield,3.157975456,62.460224,-114.543084
C2-11B,C2,C2-11,2018-06-14,0.055793991,0.004291845,Mixed,82,Hydric,Pleurocarpous,18.25,shield,3.947419633,62.458804,-114.541818
C2-17A,C2,C2-17,2018-06-08,0,0.909090909,Jack Pine,71,Xeric,Lichen,3.3,shield,2.990917813,62.462836,-114.591784
C2-17B,C2,C2-17,2018-06-07,0.027027027,0.054054054,Black Spruce,72,Mesic,Pleurocarpous,10.65,shield,4.493566979,62.463317,-114.594367
C2-2A,C2,C2-2,2018-06-23,0.071428571,0,Black Spruce,71,Hydric,Lichen,22.15,shield,9.596990096,62.467739,-114.590179
C2-2B,C2,C2-2,2018-06-23,0,0.833333333,Jack Pine,83,Xeric,Lichen,4.65,shield,1.469018395,62.464602,-114.590133
C2-3A,C2,C2-3,2018-06-08,0.111111111,0.888888889,Jack Pine,81,Xeric,Lichen,2.75,shield,4.791575587,62.454493,-114.549338
C2-3B,C2,C2-3,2018-06-09,0.188405797,0,Black Spruce,78,Mesic,Acrocarpus,11.6,shield,8.340999615,62.455459,-114.54562
C3-3A,C3,C3-3,2018-08-23,0.194805195,0,Black Spruce,80,Xeric,Lichen,5,shield,3.489076743,63.111516,-113.778915
C3-3B,C3,C3-3,2018-08-23,0.125,0,Black Spruce,73,Hydric,Sphagnum,21.65,shield,4.880217096,63.112205,-113.776568
C4-5A,C4,C4-5,2018-08-02,0,0.580645161,Jack Pine,73,Xeric,Lichen,9.15,shield,1.67989932,63.213214,-114.040845
C4-5B,C4,C4-5,2018-08-02,0.1875,0,Black Spruce,57,Mesic,Sphagnum,18.35,shield,9.323790773,63.213793,-114.04327
C5-11A,C5,C5-11,2018-08-24,0,1,Jack Pine,46,Xeric,Lichen,1.4,shield,2.27145081,62.985838,-114.056467
C6-12B,C6,C6-12,2018-08-24,0.444444444,0,Mixed,40,Xeric,Pleurocarpous,8.95,shield,4.149525999,62.903947,-114.264738
C6-2A,C6,C6-2,2018-08-23,0,0,Black Spruce,81,Mesic,Lichen,14.35,shield,5.787676868,62.876039,-114.284554
C6-2B,C6,C6-2,2018-08-23,0.210526316,0,Black Spruce,53,Xeric,Lichen,5.95,shield,2.74567903,62.877908,-114.288231
C7-9A,C7,C7-9,2018-08-14,0,0,Black Spruce,72,Hydric,Pleurocarpous,32.75,plains,16.06365161,65.153138,-126.847868
C7-9B,C7,C7-9,2018-08-14,0.022727273,0,Black Spruce,70,Hydric,Pleurocarpous,39.95,plains,17.0527079,65.151877,-126.851958
C9-1A,C9,C9-1,2018-08-17,0,0,Black Spruce,99,Mesic,Lichen,22.1,plains,13.13910721,65.592113,-127.41744
C9-1B,C9,C9-1,2018-08-17,0,0,Black Spruce,66,Hydric,Lichen,47.3,plains,14.36442431,65.59224,-127.411746
C9-5A,C9,C9-5,2018-08-16,0.142857143,0,Black Spruce,84,Hydric,Sphagnum,39.1,plains,11.07768258,65.626861,-127.54165
CG1-157A,CG1,CG1-157,2017-08-26,0,0,Mixed,67,Mesic,Pleurocarpous,25.7,plains,NA,61.059132,-118.371563
CG1-157B,CG1,CG1-157,2017-08-26,0,0,Black Spruce,67,Mesic,Acrocarpus,27,plains,NA,61.057698,-118.372589
CG1-157C,CG1,CG1-157,2017-08-26,0,0,Black Spruce,67,Xeric,Pleurocarpous,31.55,plains,NA,61.056168,-118.373676
CG1-18A,CG1,CG1-18,2016-07-10,0.037383178,0.158878505,Black Spruce,65,Mesic,Pleurocarpous,25.33333333,plains,5.256094483,61.05874,-118.40642
CG1-18B,CG1,CG1-18,2016-07-10,0,0,Black Spruce,65,Hydric,Lichen,48.72222222,plains,NA,61.058971,-118.403456
CG1-18C,CG1,CG1-18,2016-07-10,0.032258065,0.161290323,Mixed,65,Xeric,Pleurocarpous,11.44,plains,NA,61.05814,-118.401964
CG1-24A,CG1,CG1-24,2016-07-09,0.157024793,0,Black Spruce,78,Mesic,Pleurocarpous,24.66666667,plains,6.129882183,61.13797,-117.84549
CG1-24B,CG1,CG1-24,2016-07-14,0,0,Black Spruce,68,Hydric,Pleurocarpous,30.65,plains,NA,61.134652,-117.846828
CG1-24C,CG1,CG1-24,2016-07-14,0.653333333,0,Deciduous,68,Xeric,Lichen,5.25,plains,NA,61.132829,-117.848539
CG1-25A,CG1,CG1-25,2016-07-11,0.258536585,0.209756098,Mixed,92,Xeric,Pleurocarpous,14.45,plains,NA,61.062986,-118.484804
CG1-25B,CG1,CG1-25,2016-07-11,0,0.010273973,Black Spruce,99,Hydric,Pleurocarpous,25.05,plains,NA,61.06455,-118.484082
CG1-25C,CG1,CG1-25,2016-07-11,0,0,Black Spruce,92,Mesic,Pleurocarpous,29.55,plains,NA,61.063844,-118.481954
CG1-67A,CG1,CG1-67,2017-07-26,0,0.169491525,Mixed,100,Xeric,Pleurocarpous,8.7,plains,2.392527786,61.118177,-118.025001
CG1-67B,CG1,CG1-67,2017-07-26,0,0.004720692,Mixed,100,Mesic,Pleurocarpous,11.15,plains,4.082984373,61.119783,-118.028477
CG1-87A,CG1,CG1-87,2017-08-27,0.231884058,0.420289855,Mixed,75,Xeric,Pleurocarpous,4.8,plains,2.964750277,61.126001,-117.846992
CG1-87B,CG1,CG1-87,2017-08-27,0.011600928,0,Mixed,66,Xeric,Pleurocarpous,15.9,plains,7.809613282,61.129159,-117.845354
CG2-11B,CG2,CG2-11,2016-08-01,0,0,Black Spruce,71,Xeric,Lichen,11.41,plains,NA,62.231972,-116.35132
CG2-13A,CG2,CG2-13,2016-06-16,0,0.861111111,Jack Pine,79,Xeric,Bare,7.25,plains,2.499015526,62.2436,-116.36022
CG2-1A,CG2,CG2-1,2017-06-26,0,0.109589041,Black Spruce,83,Xeric,Lichen,6.8,plains,4.087692546,62.231808,-116.335162
CG2-1B,CG2,CG2-1,2017-06-26,0,0.002570694,Black Spruce,83,Mesic,Pleurocarpous,12.65,plains,4.998331371,62.233845,-116.332771
CG2-22A,CG2,CG2-22,2016-06-16,0,1,Jack Pine,87,Xeric,Bare,9.15,plains,2.921011812,62.24427,-116.3501
CG2-27A,CG2,CG2-27,2016-06-15,0,0.054054054,Black Spruce,72,Hydric,Bare,12.1,plains,9.555694643,62.235725,-116.331943
CG2-31A,CG2,CG2-31,2016-06-15,0,0,Black Spruce,79,Mesic,Bare,15.25,plains,6.2083858,62.224983,-116.331908
CG2-35A,CG2,CG2-35,2016-06-16,0.144772118,0,Mixed,76,Mesic,Pleurocarpous,13,plains,9.618914662,62.21648,-116.32717
CG2-35B,CG2,CG2-35,2016-08-01,0,0.032258065,Black Spruce,85,Xeric,Lichen,12.45,plains,NA,62.216958,-116.324167
CG2-4A,CG2,CG2-4,2016-07-12,0,0.192622951,Mixed,43,Mesic,Liverwort,3.35,plains,NA,62.635922,-116.253709
CG2-5B,CG2,CG2-5,2016-07-31,0,0,Black Spruce,87,Xeric,Lichen,13.8,plains,NA,62.211792,-116.315899
CG2-5C,CG2,CG2-5,2016-07-31,0.404761905,0,Mixed,40,Xeric,Colonizers,8.35,plains,NA,62.211965,-116.318531
CG2-7A,CG2,CG2-7,2016-06-17,0,0,Black Spruce,67,Mesic,Bare,1.1,plains,7.943862194,62.21639,-116.33662
CG3-10B,CG3,CG3-10,2017-08-22,0.002557545,0,Mixed,91,Xeric,Pleurocarpous,23.6,plains,8.760904318,60.697538,-116.46023
CG3-22A,CG3,CG3-22,2017-08-21,0,0,Mixed,73,Hydric,Pleurocarpous,75.8,plains,26.3236682,60.65396,-116.386498
CG3-22B,CG3,CG3-22,2017-08-21,0.007751938,0,Mixed,73,Mesic,Pleurocarpous,36.9,plains,13.98950513,60.656863,-116.388104
CG3-2A,CG3,CG3-2,2017-08-23,0,0,Mixed,92,Mesic,Pleurocarpous,27.65,plains,17.19747436,60.721087,-115.129849
CG3-2C,CG3,CG3-2,2017-08-23,0,0,Black Spruce,76,Hydric,Pleurocarpous,35.65,plains,20.6524393,60.724363,-115.125913
CG3-30B,CG3,CG3-30,2017-08-15,0,0,Mixed,60,Hydric,Pleurocarpous,45.55,plains,19.05394215,60.580573,-116.166296
CG3-31A,CG3,CG3-31,2016-07-12,0,0,Black Spruce,66,Hydric,Pleurocarpous,56.66666667,plains,NA,60.76557,-116.5615
CG3-31B,CG3,CG3-31,2016-07-12,0,0.769230769,Jack Pine,66,Xeric,Lichen,17.2,plains,NA,60.767475,-116.561224
CG3-31C,CG3,CG3-31,2016-07-12,0,0.01965602,Black Spruce,66,Mesic,Pleurocarpous,21.3,plains,NA,60.770676,-116.55959
CG3-32A,CG3,CG3-32,2016-07-22,0.051546392,0.12371134,Black Spruce,61,Xeric,Pleurocarpous,11.3,plains,NA,60.636963,-116.373181
CG3-32B,CG3,CG3-32,2016-07-22,0,0,Black Spruce,61,Hydric,Pleurocarpous,43,plains,NA,60.636317,-116.369153
CG3-37B,CG3,CG3-37,2017-08-24,0,0.009090909,Black Spruce,99,Xeric,Pleurocarpous,26.3,plains,21.70117653,60.733485,-115.505764
CG3-38A,CG3,CG3-38,2016-07-13,0,0.1,Mixed,42,Xeric,Colonizers,3.714285714,plains,NA,60.66908,-116.41945
CG3-38B,CG3,CG3-38,2016-07-22,0,0,Black Spruce,82,Mesic,Pleurocarpous,16.3,plains,NA,60.669309,-116.416201
CG3-40A,CG3,CG3-40,2016-07-23,0,0,Mixed,36,Hydric,Pleurocarpous,47.5,plains,NA,60.609024,-116.244607
CG3-40B,CG3,CG3-40,2016-07-23,0,0,Black Spruce,81,Hydric,Lichen,48.6,plains,NA,60.606394,-116.241929
CG3-4A,CG3,CG3-4,2016-07-21,0.053571429,0.571428571,Jack Pine,33,Xeric,Lichen,4.45,plains,NA,60.735472,-115.209623
CG3-4B,CG3,CG3-4,2016-07-21,0,0.025974026,Black Spruce,97,Mesic,Pleurocarpous,22.15,plains,NA,60.733953,-115.209606
CG3-4C,CG3,CG3-4,2016-07-21,0,0,Black Spruce,91,Mesic,Pleurocarpous,28.55,plains,NA,60.733804,-115.207913
CS-103A,CS,CS-103,2016-06-22,0,0.958333333,Jack Pine,88,Xeric,Lichen,11.5,shield,2.920086425,62.50349,-113.62193
CS-104A,CS,CS-104,2016-06-22,0.078947368,0,Mixed,83,Mesic,Pleurocarpous,4.4,shield,3.457161873,62.50596,-113.65829
CS-104B,CS,CS-104,2018-06-23,0.555555556,0.333333333,Deciduous,88,Xeric,Lichen,5.6,shield,2.38568938,62.505276,-113.660086
CS-108A,CS,CS-108,2016-06-22,0.307692308,0,Black Spruce,74,Mesic,Colonizers,4.8,shield,2.972374523,62.50886,-113.64855
CS-108B,CS,CS-108,2018-06-27,0.393333333,0,Mixed,79,Mesic,Pleurocarpous,9.95,shield,3.134927543,62.509582,-113.650338
CS-108C,CS,CS-108,2018-06-27,0,1,Jack Pine,98,Xeric,Lichen,4.8,shield,3.849629023,62.507569,-113.649894
CS-109A,CS,CS-109,2016-06-23,0,1,Jack Pine,80,Xeric,Bare,3.55,shield,1.957969586,62.49761,-113.57154
CS-10A,CS,CS-10,2016-06-20,0.12,0.44,Mixed,17,Mesic,Bare,14.9,shield,5.516985061,62.65001,-113.59849
CS-117A,CS,CS-117,2016-06-22,0.25,0.416666667,Mixed,89,Xeric,Lichen,13.6,shield,4.457848389,62.49505,-113.53572
CS-117B,CS,CS-117,2018-07-08,0.011494253,0,Black Spruce,73,Xeric,Pleurocarpous,13.6,shield,3.909013804,62.496497,-113.535587
CS-130A,CS,CS-130,2016-06-23,0,0,Black Spruce,95,Hydric,Bare,26.9,shield,5.330843267,62.5482,-113.95303
CS-14A,CS,CS-14,2016-06-20,0.662921348,0,Deciduous,68,Mesic,Pleurocarpous,6.95,shield,3.11301147,62.51044,-113.65462
CS-14B,CS,CS-14,2018-07-02,0.32,0.52,Jack Pine,86,Xeric,Lichen,5.95,shield,4.658762515,62.508638,-113.655261
CS-14C,CS,CS-14,2018-07-02,0,0,Black Spruce,75,Mesic,Pleurocarpous,11,shield,7.21283346,62.508032,-113.657405
CS-26B,CS,CS-26,2018-06-29,0.625,0,Deciduous,85,Xeric,Lichen,6.5,shield,3.44611422,62.570834,-114.03839
CS-3A,CS,CS-3,2016-06-20,0.020833333,0.208333333,Black Spruce,71,Xeric,Lichen,5.1,shield,2.954979685,62.49994,-113.6294
CS-3B,CS,CS-3,2018-07-23,0.049079755,0,Black Spruce,77,Mesic,Pleurocarpous,14.65,shield,9.377274527,62.498774,-113.630431
CS-3C,CS,CS-3,2018-07-23,0.379310345,0.517241379,Jack Pine,87,Xeric,Lichen,3.65,shield,1.290238851,62.500886,-113.629709
CS-46A,CS,CS-46,2016-06-21,0.034482759,0.011494253,Mixed,61,Hydric,Sphagnum,29.05,shield,5.194439428,62.53118,-113.82884
CS-46B,CS,CS-46,2018-06-30,0,1,Jack Pine,88,Xeric,Lichen,5.1,shield,4.166253458,62.52944,-113.829196
CS-57A,CS,CS-57,2016-06-21,0,1,Jack Pine,74,Xeric,Bare,3.3,shield,2.04506209,62.53254,-113.85198
CS-89A,CS,CS-89,2016-06-22,0.025641026,0.846153846,Jack Pine,80,Xeric,Lichen,5.1,shield,2.346824908,62.51703,-113.7253
CS-89B,CS,CS-89,2018-07-01,0.052631579,0.894736842,Jack Pine,85,Xeric,Lichen,5.1,shield,3.23762005,62.517441,-113.72356
CS-96A,CS,CS-96,2016-06-23,0.595744681,0.361702128,Deciduous,79,Mesic,Lichen,7,shield,3.353461325,62.53782,-113.8856
CS-96B,CS,CS-96,2018-07-08,0.117647059,0,Black Spruce,74,Hydric,Liverwort,30.7,shield,8.423762018,62.537906,-113.888197
CS-96C,CS,CS-96,2018-07-08,0,1,Jack Pine,83,Xeric,Lichen,3,shield,1.242745357,62.536739,-113.887389
CS-9A,CS,CS-9,2016-06-20,0,0,Black Spruce,70,Hydric,Bare,23.25,shield,8.797546986,62.50509,-113.66511
F10-1A,F10,F10-1,2018-07-19,0,1,Jack Pine,44,Xeric,Lichen,3.35,shield,3.492575551,62.955702,-115.8573
F10-1B,F10,F10-1,2018-07-19,0.284313725,0,Black Spruce,44,Xeric,Pleurocarpous,11.05,shield,2.949095847,62.957434,-115.856298
F10-20A,F10,F10-20,2018-07-21,0.156097561,0.048780488,Black Spruce,44,Xeric,Lichen,7.9,shield,4.460267971,63.010712,-115.833897
F10-20B,F10,F10-20,2018-07-21,0.465116279,0.534883721,Jack Pine,44,Xeric,Lichen,3.35,shield,1.078407893,63.01033,-115.831876
F10-29A,F10,F10-29,2018-07-20,0.022222222,0.633333333,Jack Pine,44,Xeric,Lichen,6.9,shield,2.341356912,62.985126,-115.84171
F10-29B,F10,F10-29,2018-07-21,0.256756757,0,Black Spruce,44,Xeric,Liverwort,10.7,shield,3.094568206,62.98486,-115.837603
F10-2A,F10,F10-2,2018-07-20,0.988764045,0,Deciduous,44,Xeric,Lichen,10.15,shield,4.141055605,62.979281,-115.831851
F10-2B,F10,F10-2,2018-07-20,0.111111111,0.888888889,Jack Pine,44,Xeric,Lichen,4.85,shield,1.489933356,62.980457,-115.831578
F10-3A,F10,F10-3,2018-07-21,0.263636364,0,Black Spruce,44,Mesic,Liverwort,12.15,shield,3.639569156,63.013675,-115.830783
F10-3B,F10,F10-3,2018-07-21,0.825,0.15,Deciduous,44,Xeric,Lichen,4.1,shield,2.824834251,63.013193,-115.829066
F10-4A,F10,F10-4,2018-07-20,0.448275862,0,Mixed,44,Hydric,Pleurocarpous,21.05,shield,8.530624791,62.958771,-115.854128
F10-4B,F10,F10-4,2018-07-20,0,1,Jack Pine,44,Xeric,Lichen,6.45,shield,1.121372777,62.957736,-115.850128
F11-10A,F11,F11-10,2018-06-20,0.563981043,0,Deciduous,44,Xeric,Pleurocarpous,10.4,shield,5.604204958,62.762868,-115.810033
F11-10C,F11,F11-10,2018-06-20,0.765957447,0.170212766,Deciduous,44,Xeric,Lichen,2.7,shield,1.274320411,62.760219,-115.812288
F11-15B,F11,F11-15,2018-06-22,0,1,Jack Pine,44,Xeric,Lichen,2.65,shield,1.638793255,62.758211,-115.788487
F11-19A,F11,F11-19,2018-06-18,0.670731707,0.024390244,Deciduous,44,Hydric,Sphagnum,25.05,shield,4.894315746,62.754223,-115.771504
F11-19B,F11,F11-19,2018-06-18,0.571428571,0.428571429,Deciduous,44,Xeric,Lichen,4.1,shield,3.197620948,62.75557,-115.773404
F11-1B,F11,F11-1,2018-06-19,0.235772358,0,Black Spruce,44,Mesic,Pleurocarpous,13.9,shield,5.476149398,62.756694,-115.775803
F11-1C,F11,F11-1,2018-06-19,0,1,Jack Pine,44,Xeric,Lichen,4.95,shield,2.541581425,62.754451,-115.779436
F11-20A,F11,F11-20,2018-06-18,0.636363636,0.363636364,Deciduous,44,Xeric,Lichen,6.3,shield,3.483930589,62.770068,-115.842088
F11-20B,F11,F11-20,2018-06-18,0,1,Jack Pine,44,Xeric,Lichen,3.55,shield,3.856568582,62.768446,-115.844804
F11-20C,F11,F11-20,2018-06-18,0.142857143,0,Black Spruce,44,Hydric,Pleurocarpous,24.65,shield,9.439605283,62.767633,-115.842202
F11-21A,F11,F11-21,2018-06-20,0,1,Jack Pine,44,Xeric,Lichen,3.75,shield,3.455130929,62.769305,-115.831301
F11-21B,F11,F11-21,2018-06-20,0,0,Mixed,44,Mesic,Pleurocarpous,15.15,shield,5.601722617,62.766347,-115.831252
F1-12A,F1,F1-12,2016-07-20,0.390804598,0,Mixed,44,Xeric,Bare,8.8,plains,NA,60.692783,-115.926968
F1-12B,F1,F1-12,2016-07-20,0.03880597,0.002985075,Black Spruce,44,Mesic,Bare,19.4,plains,NA,60.693655,-115.929011
F1-12C,F1,F1-12,2016-07-20,0.04494382,0.011235955,Black Spruce,44,Mesic,Bare,15.15,plains,NA,60.692516,-115.929906
F1-18A,F1,F1-18,2017-08-14,0,0,Mixed,44,Hydric,Pleurocarpous,38.7,plains,13.66286917,60.732485,-115.893457
F1-18B,F1,F1-18,2017-08-14,0,0,Mixed,44,Hydric,Pleurocarpous,54.88888889,plains,23.3162485,60.734545,-115.896609
F12-10A,F12,F12-10,2018-08-01,0.590909091,0.045454545,Deciduous,42,Xeric,Lichen,8,shield,2.070559388,63.06146,-113.809291
F12-10B,F12,F12-10,2018-08-01,0.384615385,0.307692308,Mixed,42,Xeric,Lichen,4.55,shield,1.798764834,63.060901,-113.812338
F12-15A,F12,F12-15,2018-07-31,0.269230769,0.076923077,Black Spruce,42,Xeric,Lichen,9.6,shield,3.678731062,63.089699,-113.780184
F12-15B,F12,F12-15,2018-07-31,0.5,0.25,Deciduous,42,Xeric,Lichen,4.35,shield,1.933929283,63.088267,-113.782592
F12-15C,F12,F12-15,2018-07-31,0.23880597,0,Black Spruce,42,Hydric,Sphagnum,26.75,shield,10.82150717,63.086854,-113.782784
F12-1A,F12,F12-1,2018-07-31,0.521276596,0,Deciduous,42,Xeric,Pleurocarpous,9,shield,5.471503936,63.072305,-113.800462
F12-1B,F12,F12-1,2018-07-31,0.710526316,0.210526316,Deciduous,42,Xeric,Lichen,5.45,shield,4.965708064,63.070922,-113.797375
F1-22A,F1,F1-22,2017-08-13,0,0,Mixed,44,Hydric,Acrocarpus,46.7,plains,31.7523827,60.698847,-115.904973
F1-22B,F1,F1-22,2017-08-13,0.021929825,0,Mixed,44,Mesic,Acrocarpus,47.25,plains,25.2347024,60.701668,-115.904654
F1-22C,F1,F1-22,2017-08-24,0,0,Black Spruce,44,Mesic,Pleurocarpous,18.05,plains,7.700617793,60.697109,-115.902937
F1-25A,F1,F1-25,2017-08-07,0,0,Black Spruce,44,Hydric,Pleurocarpous,26.05,plains,17.591017,60.641754,-116.098916
F1-25B,F1,F1-25,2017-08-07,0,0,Mixed,44,Mesic,Pleurocarpous,23.75,plains,16.32386073,60.642792,-116.100461
F1-25C,F1,F1-25,2017-08-08,0,0,Mixed,44,Hydric,Pleurocarpous,47.85,plains,23.6894578,60.643934,-116.100723
F13-11A,F13,F13-11,2018-08-02,0,0,Mixed,42,Mesic,Lichen,19.15,shield,6.381971403,63.046449,-114.124455
F13-11B,F13,F13-11,2018-08-02,0.4,0.4,Mixed,42,Xeric,Lichen,4.65,shield,2.227809107,63.044337,-114.125891
F13-11C,F13,F13-11,2018-08-02,0.083333333,0,Black Spruce,42,Hydric,Lichen,47.8,shield,16.77452805,63.045483,-114.127571
F13-15A,F13,F13-15,2018-08-22,0.100806452,0.100806452,Black Spruce,42,Mesic,Colonizers,23.85,shield,7.080052111,63.033862,-114.350585
F13-15B,F13,F13-15,2018-08-22,0,0.053333333,Black Spruce,42,Hydric,Sphagnum,34.85,shield,8.475808541,63.034375,-114.347756
F13-15C,F13,F13-15,2018-08-22,0.083333333,0.833333333,Jack Pine,42,Xeric,Lichen,5.25,shield,1.867165368,63.034321,-114.344858
F1-31A,F1,F1-31,2017-08-08,0,0,Mixed,44,Mesic,NA,49.625,plains,10.92448453,60.640355,-116.093036
F1-31B,F1,F1-31,2017-08-08,0,0,Black Spruce,44,Hydric,Pleurocarpous,34.85,plains,15.84165367,60.641512,-116.091489
F13-5A,F13,F13-5,2018-08-01,0.066115702,0,Black Spruce,42,Hydric,Lichen,35.75,shield,11.11357611,63.003379,-114.206875
F13-5B,F13,F13-5,2018-08-01,0.3125,0.3625,Mixed,42,Xeric,Lichen,6.1,shield,2.629035608,63.00266,-114.205656
F1-38A,F1,F1-38,2017-08-09,0.065882353,0,Mixed,44,Hydric,Lichen,23.5,plains,11.90117004,60.651482,-116.070845
F1-38B,F1,F1-38,2017-08-09,0,0.051813472,Black Spruce,44,Mesic,Acrocarpus,13.5,plains,9.533695687,60.653839,-116.076353
F1-3A,F1,F1-3,2017-07-06,0,0,Black Spruce,44,Hydric,Pleurocarpous,47.05,plains,21.86903926,60.717063,-115.897468
F14-13A,F14,F14-13,2018-08-22,0.214285714,0.642857143,Jack Pine,36,Xeric,Lichen,7.25,shield,2.577154692,63.197061,-114.259997
F14-13B,F14,F14-13,2018-08-22,0.116666667,0.433333333,Mixed,36,Mesic,Lichen,16.95,shield,6.301793927,63.196675,-114.257314
F14-13C,F14,F14-13,2018-08-22,0.575757576,0.242424242,Deciduous,36,Xeric,Lichen,3.15,shield,0.754802696,63.196633,-114.254809
F14-2A,F14,F14-2,2018-08-03,0,0.882352941,Jack Pine,36,Xeric,Lichen,4.5,shield,3.487688116,63.223216,-114.24593
F14-2B,F14,F14-2,2018-08-03,0,0,Black Spruce,36,Hydric,Lichen,29.6,shield,11.68315421,63.219368,-114.242772
F14-7A,F14,F14-7,2018-08-03,0.01010101,0.666666667,Jack Pine,36,Hydric,Colonizers,23.25,shield,9.854181492,63.229006,-114.239089
F1-47A,F1,F1-47,2017-08-18,0,0,Mixed,44,Hydric,Acrocarpus,39.8,plains,17.98857223,60.736111,-115.900901
F14-7B,F14,F14-7,2018-08-03,0,0.902439024,Jack Pine,36,Xeric,Lichen,3.85,shield,1.792346677,63.229734,-114.236697
F1-47B,F1,F1-47,2017-08-18,0,0,Mixed,44,Hydric,Pleurocarpous,38.8,plains,21.24496871,60.738209,-115.902612
F1-4A,F1,F1-4,2016-07-19,0.011363636,0,Mixed,44,Hydric,Bare,16.85,plains,NA,60.699171,-115.913212
F1-4B,F1,F1-4,2016-07-19,0.050847458,0,Mixed,44,Mesic,Bare,15.1,plains,NA,60.698045,-115.913518
F1-4C,F1,F1-4,2016-07-19,0,0,Mixed,44,Hydric,Bare,22.4,plains,NA,60.697238,-115.915227
F15-13A,F15,F15-13,2018-08-22,0,0,Black Spruce,46,Mesic,Lichen,23.85,plains,10.31287266,65.891033,-128.243545
F15-13B,F15,F15-13,2018-08-10,0,0,Black Spruce,46,Hydric,Pleurocarpous,29.4,plains,15.91041757,65.890347,-128.241855
F15-16A,F15,F15-16,2018-08-11,0,0,Black Spruce,46,Mesic,Pleurocarpous,20.2,plains,14.54107702,65.88102,-128.229419
F15-16B,F15,F15-16,2018-08-11,0,0,Black Spruce,46,Hydric,Pleurocarpous,26.85,plains,10.87142486,65.879975,-128.230796
F1-52A,F1,F1-52,2017-08-16,0,0,Mixed,44,Hydric,Pleurocarpous,53.45,plains,20.57020271,60.683273,-115.968795
F1-52B,F1,F1-52,2017-08-16,0,0,Mixed,44,Hydric,Pleurocarpous,46.5,plains,19.23301188,60.682381,-115.966498
F15-9A,F15,F15-9,2018-08-11,0,0,Black Spruce,46,Mesic,Lichen,15.2,plains,3.63810001,65.897405,-128.239341
F15-9B,F15,F15-9,2018-08-11,0,0,Black Spruce,46,Hydric,Pleurocarpous,23.7,plains,21.65673786,65.898512,-128.237237
F17-4A,F17,F17-4,2018-08-16,0.226415094,0,Black Spruce,1,Mesic,moss sp.,6.5,plains,3.026439804,65.575886,-127.453098
F17-4B,F17,F17-4,2018-08-16,0,0,Black Spruce,1,Mesic,moss sp.,14.15,plains,9.461538106,65.575581,-127.4477
F17-5A,F17,F17-5,2018-08-15,0,0,Black Spruce,1,Hydric,moss sp.,17.4,plains,6.060021073,65.605003,-127.498967
F17-5B,F17,F17-5,2018-08-15,0,0,Black Spruce,1,Mesic,moss sp.,17.3,plains,6.400902553,65.60578,-127.496535
F17-7A,F17,F17-7,2018-08-15,0,0,Black Spruce,1,Hydric,moss sp.,24.5,plains,9.443112306,65.598749,-127.490976
F17-7B,F17,F17-7,2018-08-15,0,0,Black Spruce,1,Mesic,moss sp.,17.95,plains,12.88120829,65.598237,-127.497443
F2-10A,F2,F2-10,2017-06-19,0,0.21,Black Spruce,43,Xeric,Acrocarpus,6.57,plains,NA,62.645211,-116.260019
F2-10B,F2,F2-10,2017-06-19,0,0,Black Spruce,43,Mesic,Lichen,15.05,plains,10.55899654,62.646736,-116.254505
F2-137A,F2,F2-137,2017-06-24,0,0.108695652,Black Spruce,43,Xeric,Lichen,7.9,plains,3.279192968,62.645383,-116.228137
F2-137B,F2,F2-137,2017-06-24,0,0.341772152,Black Spruce,43,Xeric,Colonizers,7.6,plains,4.908204606,62.644113,-116.228326
F2-137C,F2,F2-137,2017-06-24,0,0.008547009,Black Spruce,43,Xeric,Liverwort,39.22222222,plains,24.61632208,62.645421,-116.231283
F2-13A,F2,F2-13,2016-06-16,0.2,0.8,Jack Pine,43,Xeric,Acrocarpus,0.916666667,plains,NA,62.669951,-116.199016
F2-13B,F2,F2-13,2016-06-16,0.02027027,0.97972973,Jack Pine,43,Xeric,Pleurocarpous,2.9,plains,NA,62.668193,-116.200387
F2-13C,F2,F2-13,2016-06-16,0,0.3125,Black Spruce,43,Mesic,Liverwort,12.1,plains,NA,62.66854,-116.196637
F2-18A,F2,F2-18,2017-06-18,0,0.033613445,Black Spruce,43,Hydric,Pleurocarpous,30.95,plains,17.2806137,62.659908,-116.213965
F2-18B,F2,F2-18,2017-06-18,0.025641026,0.461538462,Mixed,43,Xeric,Lichen,6.15,plains,4.288672235,62.6577,-116.214914
F2-18C,F2,F2-18,2017-06-21,0,0,Black Spruce,43,Xeric,Lichen,20.9,plains,14.64662509,62.657282,-116.2107
F2-22A,F2,F2-22,2017-06-20,0,0.103896104,Black Spruce,43,Mesic,Lichen,15.65,plains,20.44625233,62.636725,-116.24857
F2-22B,F2,F2-22,2017-06-20,0,0.428571429,Mixed,43,Xeric,Lichen,5.65,plains,2.265805027,62.636464,-116.245598
F2-3A,F2,F2-3,2016-06-16,0,0.003984064,Black Spruce,43,Mesic,Colonizers,17.95,plains,NA,62.653229,-116.248947
F2-3B,F2,F2-3,2016-08-02,0,0.31092437,Mixed,43,Xeric,Lichen,10.25,plains,NA,62.65314,-116.245678
F2-3C,F2,F2-3,2016-08-02,0,0,Black Spruce,43,Mesic,Lichen,11.65,plains,NA,62.651448,-116.243043
F2-4A,F2,F2-4,2017-06-23,0,0.370689655,Mixed,43,Xeric,Lichen,7.7,plains,5.183585701,62.649582,-116.263091
F2-4B,F2,F2-4,2017-06-23,0,0,Black Spruce,43,Mesic,Lichen,19.55,plains,13.34054027,62.650703,-116.261716
F2-4C,F2,F2-4,2017-06-25,0,0.011111111,Black Spruce,43,Hydric,Pleurocarpous,18.05,plains,6.975685801,62.647541,-116.260888
F2-6A,F2,F2-6,2016-08-02,0,0.003597122,Black Spruce,43,Mesic,Colonizers,12.25,plains,NA,62.659426,-116.226211
F2-6B,F2,F2-6,2016-08-03,0,0,Black Spruce,43,Mesic,Acrocarpus,17,plains,NA,62.660198,-116.228442
F2-6C,F2,F2-6,2016-08-03,0.5,0.155555556,Deciduous,43,Xeric,Liverwort,5.85,plains,NA,62.658069,-116.228643
F2-7A,F2,F2-7,2017-06-21,0,0,Black Spruce,43,Hydric,Lichen,14.8,plains,14.77152523,62.664776,-116.168704
F2-7B,F2,F2-7,2017-06-22,0,0,Black Spruce,43,Hydric,Acrocarpus,38.25,plains,25.29184293,62.666512,-116.169191
F2-7C,F2,F2-7,2017-06-22,0,0.975,Jack Pine,43,Xeric,Lichen,5.3,plains,19.46381135,62.667162,-116.176464
F3-11A,F3,F3-11,2017-07-05,0,0,Black Spruce,46,Hydric,Pleurocarpous,24.35,plains,21.8992699,60.786169,-116.571305
F3-11B,F3,F3-11,2017-07-05,0.238095238,0,Mixed,46,Hydric,Pleurocarpous,11.75,plains,6.70071611,60.785368,-116.575158
F3-13A,F3,F3-13,2017-06-30,0.08,0.68,Jack Pine,46,Xeric,Pleurocarpous,8.05,plains,4.152526408,60.818779,-116.60989
F3-19B,F3,F3-19,2017-07-01,0,0,Black Spruce,46,Mesic,Lichen,37.8,plains,12.07990487,60.801064,-116.586369
F3-19C,F3,F3-19,2017-07-01,0.092592593,0.018518519,Mixed,46,Xeric,Lichen,6.7,plains,NA,60.801025,-116.589843
F3-1A,F3,F3-1,2016-06-13,0,0.173913043,Black Spruce,46,Mesic,Pleurocarpous,7.3,plains,NA,60.859201,-116.624822
F3-20A,F3,F3-20,2017-07-03,0,0,Black Spruce,46,Hydric,Pleurocarpous,57.55,plains,22.72440465,60.794951,-116.57756
F3-20B,F3,F3-20,2017-07-03,0,0.081081081,Black Spruce,46,Xeric,Pleurocarpous,15.25,plains,4.087000051,60.794468,-116.582309
F3-20C,F3,F3-20,2017-07-03,0,0,Black Spruce,46,Mesic,Pleurocarpous,27.15,plains,11.05332015,60.796072,-116.583216
F3-3A,F3,F3-3,2017-07-04,0.005319149,0.021276596,Black Spruce,46,Mesic,Pleurocarpous,27,plains,21.6734611,60.865297,-116.638496
F3-3B,F3,F3-3,2017-07-04,0.450292398,0.005847953,Mixed,46,Xeric,Lichen,9.45,plains,14.76688384,60.86611,-116.634939
F3-3C,F3,F3-3,2017-07-04,0,0,Mixed,46,Hydric,Lichen,34.3,plains,12.22980779,60.863776,-116.637318
F3-8A,F3,F3-8,2017-07-02,0,0,Black Spruce,46,Hydric,Pleurocarpous,30.25,plains,16.33006073,60.792031,-116.580227
F3-8B,F3,F3-8,2017-07-02,0,0,Mixed,46,Hydric,Pleurocarpous,48.3,plains,11.39945301,60.792221,-116.583376
F3-8C,F3,F3-8,2017-07-02,0.509433962,0.433962264,Deciduous,46,Xeric,Lichen,5.55,plains,4.688909494,60.791888,-116.587351
F4-17A,F4,F4-17,2017-06-07,0.10619469,0.707964602,Jack Pine,35,Mesic,Pleurocarpous,8.9,plains,5.565262836,61.096341,-118.831678
F4-17B,F4,F4-17,2017-06-07,0.019480519,0.37012987,Mixed,35,Xeric,Acrocarpus,8.4,plains,3.006890474,61.094899,-118.830372
F4-17C,F4,F4-17,2017-06-08,0,0,Mixed,35,Hydric,Pleurocarpous,71.6,plains,18.67930929,61.093968,-118.830219
F4-1A,F4,F4-1,2017-06-06,0.051369863,0.003424658,Black Spruce,35,Hydric,Pleurocarpous,14.45,plains,8.6358493,61.096699,-118.816519
F4-1B,F4,F4-1,2017-06-09,0,0,Black Spruce,35,Hydric,Pleurocarpous,68.6,plains,12.74703825,61.096423,-118.813276
F4-1C,F4,F4-1,2017-06-09,0,0.005964215,Black Spruce,35,Hydric,Pleurocarpous,18,plains,8.721458412,61.095929,-118.810584
F4-20A,F4,F4-20,2017-06-12,0.066115702,0.776859504,Jack Pine,35,Xeric,Acrocarpus,7,plains,1.449423518,61.090515,-118.795787
F4-20B,F4,F4-20,2017-06-12,0.160839161,0.059440559,Black Spruce,35,Xeric,Pleurocarpous,15,plains,9.491113789,61.089603,-118.80098
F4-20C,F4,F4-20,2017-07-22,0,0.018404908,Black Spruce,35,Mesic,Lichen,18.525,plains,9.63230258,61.094201,-118.797045
F4-21A,F4,F4-21,2017-07-24,0,1,Jack Pine,35,Xeric,Acrocarpus,2.15,plains,1.288512177,61.13496,-119.032657
F4-21B,F4,F4-21,2017-07-24,0,0.016949153,Black Spruce,35,Hydric,Pleurocarpous,32.75,plains,19.09540168,61.133958,-119.034243
F4-2A,F4,F4-2,2016-06-15,0.109289617,0.005464481,Mixed,35,Xeric,Pleurocarpous,7.7,plains,NA,61.139993,-119.027535
F4-30A,F4,F4-30,2017-06-10,0,0.068965517,Black Spruce,35,Hydric,Acrocarpus,18.25,plains,8.23182038,61.075882,-118.5844
F4-30B,F4,F4-30,2017-06-10,0.045454545,0.818181818,Jack Pine,35,Xeric,Lichen,7.6,plains,4.351943072,61.076985,-118.586639
F4-30C,F4,F4-30,2017-06-05,0.481012658,0.17721519,Mixed,35,Hydric,Pleurocarpous,16.4,plains,11.5014658,61.079096,-118.58606
F4-31A,F4,F4-31,2017-06-11,0,0.203252033,Black Spruce,35,Mesic,Pleurocarpous,15.25,plains,8.889028084,61.064205,-118.437105
F4-31B,F4,F4-31,2017-06-11,0,0,Mixed,35,Hydric,Pleurocarpous,26.1,plains,7.008137951,61.064045,-118.440032
F4-35A,F4,F4-35,2017-07-25,0,0,Black Spruce,35,Hydric,Pleurocarpous,27.35,plains,10.75717678,61.067436,-118.459996
F4-35B,F4,F4-35,2017-07-25,0,0,Black Spruce,35,Mesic,Pleurocarpous,50.7,plains,22.73517782,61.066933,-118.46746
F4-6A,F4,F4-6,2017-07-23,0,0,Mixed,35,Hydric,Acrocarpus,57.85,plains,33.87060392,61.083315,-118.595237
F4-6B,F4,F4-6,2017-07-23,0.008849558,0.061946903,Black Spruce,35,Xeric,Pleurocarpous,11.15,plains,5.636684435,61.081929,-118.596493
F4-6C,F4,F4-6,2017-07-23,0,0.9,Jack Pine,35,Hydric,Pleurocarpous,8.65,plains,5.186532842,61.079842,-118.598532
F6-15A,F6,F6-15,2017-08-03,0,0.231372549,Black Spruce,34,Xeric,Lichen,7,plains,3.464575727,60.705382,-115.059969
F6-15B,F6,F6-15,2017-08-03,0.010729614,0.027896996,Black Spruce,34,Mesic,Acrocarpus,15.15,plains,9.027541955,60.704224,-115.062838
F6-15C,F6,F6-15,2017-08-04,0,0.010909091,Black Spruce,34,Hydric,Lichen,39.35,plains,20.23418649,60.70688,-115.061798
F6-16A,F6,F6-16,2017-08-06,0,0,Black Spruce,34,Mesic,Acrocarpus,12.5,plains,6.709593294,60.713575,-115.055311
F6-16B,F6,F6-16,2017-08-06,0,0.142857143,Black Spruce,34,Xeric,Lichen,11.8,plains,6.793598849,60.71338,-115.057961
F6-16C,F6,F6-16,2017-08-06,0,0.00456621,Black Spruce,34,Hydric,Acrocarpus,58.4,plains,33.42602066,60.715478,-115.057835
F6-1A,F6,F6-1,2017-07-31,0,0,Mixed,34,Hydric,Pleurocarpous,59.5,plains,26.52213974,60.702441,-115.003305
F6-1B,F6,F6-1,2017-07-31,0,0.089285714,Black Spruce,34,Xeric,Lichen,14.5,plains,3.213119957,60.700281,-115.000563
F6-1C,F6,F6-1,2017-07-31,0,0.009009009,Black Spruce,34,Xeric,Lichen,8.6,plains,3.972966026,60.701568,-114.998619
F6-20A,F6,F6-20,2017-08-01,0.018518519,0,Mixed,34,Hydric,Pleurocarpous,56.8,plains,32.59190019,60.710712,-115.103178
F6-20B,F6,F6-20,2017-08-02,0.130890052,0.052356021,Black Spruce,34,Hydric,Acrocarpus,19.35,plains,8.216969952,60.713053,-115.098905
F6-21A,F6,F6-21,2017-08-04,0,0.129554656,Black Spruce,34,Mesic,Lichen,22.6,plains,14.41632841,60.700916,-114.982359
F6-21B,F6,F6-21,2017-08-04,0,0.517412935,Jack Pine,34,Xeric,Acrocarpus,3.2,plains,3.147253794,60.701192,-114.979775
F6-26A,F6,F6-26,2017-08-17,0,0.430894309,Mixed,34,Xeric,Colonizers,5.3,plains,3.521973248,60.73513,-115.238601
F6-26B,F6,F6-26,2017-08-17,0,0.735955056,Jack Pine,34,Hydric,Lichen,81.1,plains,21.52606124,60.73582,-115.240606
F6-26C,F6,F6-26,2017-08-17,0,0.151260504,Black Spruce,34,Mesic,Lichen,31.55,plains,16.83876151,60.734476,-115.241896
F6-32A,F6,F6-32,2017-08-05,0,0.439252336,Mixed,34,Xeric,Lichen,4.55,plains,4.835776084,60.711395,-115.068576
F6-32B,F6,F6-32,2017-08-05,0.008196721,0.368852459,Black Spruce,34,Mesic,Acrocarpus,10.8,plains,11.14672079,60.712138,-115.072769
F6-32C,F6,F6-32,2017-08-05,0,0,Black Spruce,34,Hydric,Acrocarpus,39.65,plains,33.44055221,60.712383,-115.069518
F6-33A,F6,F6-33,2017-08-02,0,0.011363636,Black Spruce,34,Hydric,Sphagnum,96,plains,19.44294737,60.70137,-115.037556
F6-33B,F6,F6-33,2017-08-02,0.005084746,0.196610169,Black Spruce,34,Xeric,Lichen,4.1,plains,2.88244622,60.699464,-115.035812
F6-7A,F6,F6-7,2017-07-31,0,0,Black Spruce,34,Hydric,Pleurocarpous,31,plains,12.28289353,60.717427,-115.107241
F6-7B,F6,F6-7,2017-08-01,0,0,Black Spruce,34,Mesic,Acrocarpus,20.2,plains,12.33594911,60.718901,-115.105437
F6-7C,F6,F6-7,2017-08-01,0,0.010869565,Black Spruce,34,Mesic,Acrocarpus,13.25,plains,6.089572236,60.720412,-115.109021
F7-1A,F7,F7-1,2017-07-18,0.037037037,0.222222222,Black Spruce,75,Xeric,Pleurocarpous,10.65,plains,7.250188102,61.148158,-119.515365
F7-1B,F7,F7-1,2017-07-18,0,0.076923077,Black Spruce,75,Hydric,Lichen,20.35,plains,13.22557383,61.149157,-119.51558
F7-2A,F7,F7-2,2018-07-18,0,0.485714286,Mixed,75,Xeric,Lichen,9.55,plains,4.026255661,61.144601,-119.509224
F7-2B,F7,F7-2,2017-07-19,0,0.054200542,Mixed,75,Mesic,Pleurocarpous,18.2,plains,6.655129874,61.145641,-119.511627
F8-1A,F8,F8-1,2017-07-19,0.013363029,0.679287305,Jack Pine,65,Xeric,Lichen,8.4,plains,4.147461122,61.135331,-119.594551
F8-1B,F8,F8-1,2017-07-19,0.002255639,0.127067669,Black Spruce,65,Hydric,Pleurocarpous,13,plains,5.910964801,61.1363,-119.595529
F8-2A,F8,F8-2,2017-07-20,0,0.953846154,Jack Pine,65,Xeric,Lichen,5.05,plains,1.349374307,61.146217,-119.551974
F8-2B,F8,F8-2,2017-07-20,0,0.206730769,Black Spruce,65,Xeric,Pleurocarpous,13.4,plains,4.054038193,61.147001,-119.554703
F8-3A,F8,F8-3,2017-07-21,0.058823529,0.147058824,Mixed,65,Xeric,Pleurocarpous,16.15,plains,3.256346607,61.148313,-119.553748
F8-3B,F8,F8-3,2017-07-21,0,0.431372549,Black Spruce,65,Xeric,Pleurocarpous,9.05,plains,3.952665192,61.147958,-119.551484
F9-11A,F9,F9-11,2018-07-04,0.035714286,0.821428571,Jack Pine,43,Xeric,Lichen,2.85,shield,1.413778679,62.967079,-116.145113
F9-11B,F9,F9-11,2018-07-04,0.745454545,0,Deciduous,43,Hydric,Sphagnum,30.35,shield,5.312455433,62.966915,-116.142826
F9-15A,F9,F9-15,2018-07-04,0.088235294,0.382352941,Black Spruce,43,Hydric,Lichen,15.33333333,shield,7.537030206,62.969306,-116.146798
F9-15B,F9,F9-15,2018-07-04,0.5,0.378787879,Deciduous,43,Xeric,Lichen,7.4,shield,4.532766367,62.969931,-116.149874
F9-2A,F9,F9-2,2018-07-05,0.06,0,Black Spruce,43,Hydric,Pleurocarpous,17.2,shield,7.79685943,62.948007,-116.173603
F9-2B,F9,F9-2,2018-07-05,0.857142857,0,Deciduous,43,Xeric,Lichen,5.2,shield,3.327480368,62.946265,-116.175708
F9-2C,F9,F9-2,2018-07-06,0.035714286,0,Black Spruce,43,Xeric,Pleurocarpous,9.3,shield,5.146962749,62.945788,-116.181253
F9-3A,F9,F9-3,2018-07-05,0.823529412,0.176470588,Deciduous,43,Xeric,Lichen,3.2,shield,2.339778344,62.960443,-116.172266
F9-3B,F9,F9-3,2018-07-05,0.28125,0.010416667,Mixed,43,Mesic,Pleurocarpous,14.5,shield,4.956311943,62.959024,-116.171509
F9-3C,F9,F9-3,2018-07-05,0.191304348,0,Mixed,43,Mesic,Pleurocarpous,13.1,shield,5.952590418,62.961734,-116.169975
F9-6A,F9,F9-6,2018-07-06,0,0,Black Spruce,43,Hydric,Sphagnum,23.7,shield,5.425682407,62.950201,-116.175261
F9-6B,F9,F9-6,2018-07-06,0,0.026315789,Black Spruce,43,Xeric,Lichen,7.7,shield,2.381766138,62.951273,-116.175393
F9-6C,F9,F9-6,2018-07-06,0.128205128,0,Black Spruce,43,Xeric,Pleurocarpous,10.4,shield,6.468959086,62.948381,-116.180419
F9-9A,F9,F9-9,2018-07-05,0.5625,0,Deciduous,43,Mesic,Pleurocarpous,8.15,shield,4.571994535,62.968561,-116.151724
F9-9B,F9,F9-9,2018-07-05,0.619047619,0,Deciduous,43,Xeric,Lichen,2.2,shield,2.120275647,62.967955,-116.15473
LL-2,ZF104,LL-2,2015-06-19,0.088235294,0.014705883,Black Spruce,1,Xeric,Colonizers,1.4,shield,4.163073853,63.135925,-114.002826
SD2013B-1A,SD2013B,SD2013-1,2015-08-23,0,0,Black Spruce,2,Hydric,Sphagnum,78.9,plains,25.20827966,61.197998,-120.092798
SD2013B-1B,SD2013B,SD2013-1,2015-08-23,0.06060606,0,Mixed,2,Mesic,Colonizers,1.55,plains,1.21451871,61.200333,-120.09259
SD2013B-2B,SD2013B,SD2013-2,2015-08-24,0.120000029,0.480000115,Mixed,2,Mesic,Colonizers,2.6,plains,0.641884959,61.157184,-119.920106
SS33-11B,SS33,SS33-11,2015-07-09,0,0,Black Spruce,1,Mesic,Colonizers,7.65,plains,3.45232049,60.951288,-117.355
SS33-1A,SS33,SS33-1,2015-07-08,0,0.66666667,Jack Pine,1,Xeric,Pleurocarpous,1.55,plains,0.72616401,60.937382,-117.124736
SS33-1B,SS33,SS33-1,2015-07-08,0,0,Black Spruce,1,Mesic,Colonizers,8.2,plains,15.99365825,60.937885,-117.12263
SS33-21A,SS33,SS33-21,2015-07-07,0,0,Mixed,1,Mesic,Pleurocarpous,39.3,plains,NA,60.874129,-117.410443
SS33-21B,SS33,SS33-21,2015-07-07,0.096774193,0,Mixed,1,Mesic,Pleurocarpous,35.2,plains,14.4288545,60.87551,-117.413792
SS33-25A,SS33,SS33-25,2015-07-06,0,0,Mixed,1,Hydric,Pleurocarpous,36,plains,18.51080593,60.862199,-117.421913
SS33-26A,SS33,SS33-26,2015-07-06,0,0,Mixed,1,Hydric,Pleurocarpous,58.4,plains,NA,60.848119,-117.446905
SS33-27A,SS33,SS33-27,2015-07-06,0.040000001,0,Mixed,1,Hydric,Pleurocarpous,49,plains,NA,60.84574,-117.460025
SS33-27B,SS33,SS33-27,2015-07-07,0,0,Black Spruce,1,Mesic,Pleurocarpous,17.8,plains,NA,60.844911,-117.461767
SS33-27C,SS33,SS33-27,2015-07-07,0,0,Black Spruce,1,Hydric,Pleurocarpous,34.35,plains,NA,60.844663,-117.463766
SS33-3A,SS33,SS33-3,2015-06-30,0,0,Black Spruce,1,Mesic,Pleurocarpous,13.55,plains,7.080956639,60.937674,-117.37271
SS33-3B,SS33,SS33-3,2015-06-30,0,0,Black Spruce,1,Mesic,Liverwort,4.05,plains,1.365555384,60.937328,-117.375708
SS33-4A,SS33,SS33-4,2015-07-08,0,0,Black Spruce,1,Hydric,Pleurocarpous,19.4,plains,9.921396826,60.942348,-117.378873
SS33-4B,SS33,SS33-4,2015-07-08,0,0,Black Spruce,1,Mesic,Pleurocarpous,7.1,plains,1.820088133,60.942067,-117.376038
SS33-582A,SS33,SS33-582,2016-06-07,0,0.11111111,Black Spruce,1,Xeric,Colonizers,3.17,plains,NA,60.930709,-117.079577
SS33-582B,SS33,SS33-582,2016-06-07,0,1,Jack Pine,1,Mesic,Colonizers,10.07,plains,NA,60.93193,-117.07915
SS33-6B,SS33,SS33-6,2015-07-08,0,0,Black Spruce,1,Mesic,Pleurocarpous,13.2,plains,NA,60.953576,-117.345774
SS33-877A,SS33,SS33-877,2016-07-25,0,0,Mixed,1,Hydric,NA,50,plains,NA,60.911057,-117.009511
SS33-877B,SS33,SS33-877,2016-07-25,0,0,Black Spruce,1,Mesic,Pleurocarpous,21.15,plains,NA,60.91304,-117.006087
SS33-9A,SS33,SS33-9,2015-06-11,0,0,Black Spruce,1,Hydric,Bare,31.2,plains,12.42923409,60.94142,-117.36523
SS33-9B,SS33,SS33-9,2015-06-21,0,0,Black Spruce,1,Xeric,Lichen,6.1,plains,2.922438279,60.943163,-117.373109
SS33-9C,SS33,SS33-9,2015-06-21,0,0,Black Spruce,1,Mesic,Liverwort,11.1,plains,3.886820388,60.943105,-117.377029
ZF104-107A,ZF104,ZF104-107,2015-07-24,0.063106796,0.009708738,Black Spruce,1,Mesic,Pleurocarpous,2.8,shield,1.317553945,63.106936,-113.9682
ZF104-107B,ZF104,ZF104-107,2015-07-24,0,0.848484848,Jack Pine,1,Xeric,Lichen,0.75,shield,1.16425587,63.107699,-113.965567
ZF104-110A,ZF104,ZF104-110,2015-07-24,0.014285715,0.028571428,Black Spruce,1,Hydric,Pleurocarpous,24.9,shield,7.216729009,63.109017,-113.97014
ZF104-110B,ZF104,ZF104-110,2015-07-24,0.003021148,0.879154078,Jack Pine,1,Xeric,Colonizers,1.9,shield,1.037810864,63.109623,-113.965522
ZF104-12A,ZF104,ZF104-12,2015-07-21,0,0.071428573,Mixed,1,Xeric,Colonizers,0.45,shield,0.324503312,63.208954,-113.897998
ZF104-22A,ZF104,ZF104-22,2015-07-22,0,0.77777778,Jack Pine,1,Xeric,Lichen,2.35,shield,1.005580897,63.188907,-114.023936
ZF104-26B,ZF104,ZF104-26,2015-07-22,0,0.195652174,Mixed,1,Xeric,Colonizers,1.3,shield,1.230721441,63.19203,-114.018279
ZF104-4A,ZF104,ZF104-4,2015-07-21,0,0.176470588,Black Spruce,1,Xeric,Lichen,1.1,shield,0.583129412,63.20805,-113.902863
ZF104-57A,ZF104,ZF104-57,2015-07-22,0.154929577,0.591549296,Jack Pine,1,Xeric,Lichen,0.9,shield,0.803521312,63.058882,-113.738984
ZF104-57B,ZF104,ZF104-57,2015-07-22,0.375,0,Mixed,1,Hydric,Pleurocarpous,21.8,shield,15.02394555,63.058698,-113.742942
ZF104-58A,ZF104,ZF104-58,2015-07-22,0.13592233,0.631067961,Jack Pine,1,Xeric,Lichen,1.6,shield,1.189962835,63.061356,-113.7399
ZF104-62A,ZF104,ZF104-62,2015-07-21,0,1,Jack Pine,1,Xeric,Lichen,0.25,shield,NA,63.064875,-113.731549
ZF104-63A,ZF104,ZF104-63,2015-07-23,0.024154589,0.951690821,Jack Pine,1,Xeric,Lichen,1.2,shield,1.95954271,63.065539,-113.726722
ZF104-63B,ZF104,ZF104-63,2015-07-23,0.448979592,0,Black Spruce,1,Hydric,Lichen,10.7,shield,5.766354369,63.067362,-113.732768
ZF104-65A,ZF104,ZF104-65,2015-07-21,0.508474576,0.076271186,Deciduous,1,Xeric,Lichen,0.8,shield,0.628596491,63.06787,-113.727843
ZF104-65B,ZF104,ZF104-65,2015-07-21,0.012658228,0,Black Spruce,1,Hydric,Lichen,6.65,shield,3.855902229,63.067338,-113.730795
ZF104-79A,ZF104,ZF104-79,2015-07-23,0.384615385,0,Black Spruce,1,Xeric,Colonizers,1.9,shield,1.613412504,63.043286,-114.026327
ZF104-79B,ZF104,ZF104-79,2015-07-23,0.03076923,0,Black Spruce,1,Hydric,Liverwort,11.45,shield,13.37843977,63.042606,-114.025326
ZF104-83A,ZF104,ZF104-83,2015-07-23,0,0.64516129,Jack Pine,1,Xeric,Lichen,3.25,shield,0.821731537,63.046273,-114.022868
ZF104-83B,ZF104,ZF104-83,2015-07-23,0.157894737,0.035087719,Black Spruce,1,Mesic,Colonizers,5.95,shield,4.909111965,63.045648,-114.024431
ZF20-10A,ZF20,ZF20-10,2015-06-26,0,0.157142857,Black Spruce,1,Mesic,Pleurocarpous,7.95,plains,2.254496553,61.804445,-116.724757
ZF20-10B,ZF20,ZF20-10,2015-06-26,0,0.24691358,Black Spruce,1,Xeric,Lichen,0.95,plains,1.338590505,61.802328,-116.720101
ZF20-10C,ZF20,ZF20-10,2015-06-26,0,0.054545455,Black Spruce,1,Hydric,Pleurocarpous,17.3,plains,6.624564863,61.804104,-116.716295
ZF20-11A,ZF20,ZF20-11,2015-07-01,0,0.267857143,Black Spruce,1,Mesic,Pleurocarpous,8.2,plains,5.775670266,61.749284,-116.818274
ZF20-11B,ZF20,ZF20-11,2015-06-29,0,0.403846154,Black Spruce,1,Xeric,Colonizers,2.45,plains,1.085416467,61.750481,-116.818607
ZF20-11C,ZF20,ZF20-11,2015-06-29,0,0.088607595,Black Spruce,1,Mesic,Pleurocarpous,20.2,plains,7.861313205,61.752234,-116.816996
ZF20-125A,ZF20,ZF20-125,2016-06-05,0.478260869,0,Mixed,1,Mesic,Pleurocarpous,4.95,plains,NA,61.59656,-117.151978
ZF20-125B,ZF20,ZF20-125,2016-06-05,0,0.033613446,Black Spruce,1,Hydric,Pleurocarpous,15.2,plains,NA,61.596459,-117.154841
ZF20-125C,ZF20,ZF20-125,2016-06-08,0,0.352941176,Mixed,1,Mesic,Pleurocarpous,6.76,plains,NA,61.594791,-117.151046
ZF20-12A,ZF20,ZF20-12,2015-06-19,0,1,Jack Pine,1,Xeric,moss sp.,6.75,plains,6.694577807,61.73695,-116.83429
ZF20-12B,ZF20,ZF20-12,2015-07-01,0,0.120689655,Black Spruce,1,Mesic,Pleurocarpous,26.1,plains,20.55830831,61.735526,-116.833622
ZF20-34A,ZF20,ZF20-34,2015-06-28,0,0.916666668,Jack Pine,1,Xeric,Pleurocarpous,1.4,plains,0.471459949,61.606805,-117.149564
ZF20-34B,ZF20,ZF20-34,2015-06-28,0,0.027777778,Black Spruce,1,Mesic,Pleurocarpous,13.05,plains,8.215438174,61.607539,-117.153469
ZF20-34C,ZF20,ZF20-34,2015-06-28,0,0.071428573,Black Spruce,1,Mesic,moss sp.,11.2,plains,9.155180766,61.607776,-117.156656
ZF20-35A,ZF20,ZF20-35,2015-07-13,0,0.076923077,Mixed,1,Hydric,Pleurocarpous,18.6,plains,5.141803816,61.632267,-117.101575
ZF20-35B,ZF20,ZF20-35,2015-07-12,0,0.793103446,Jack Pine,1,Mesic,Liverwort,4.1,plains,2.050259356,61.631342,-117.105477
ZF20-40A,ZF20,ZF20-40,2015-06-22,0,0,Black Spruce,1,Xeric,Lichen,1.75,plains,1.210334196,61.631902,-117.132345
ZF20-40B,ZF20,ZF20-40,2015-06-22,0,0,Black Spruce,1,Hydric,Pleurocarpous,29.5,plains,18.29154017,61.632131,-117.130096
ZF20-40C,ZF20,ZF20-40,2015-06-22,0,0.076923077,Black Spruce,1,Xeric,Liverwort,2.4,plains,1.462122807,61.632477,-117.126178
ZF20-43A,ZF20,ZF20-43,2015-07-11,0.100000002,0.400000001,Mixed,1,Xeric,Colonizers,1.9,plains,0.993892319,61.955962,-116.506199
ZF20-43B,ZF20,ZF20-43,2015-07-11,0.02631579,0.078947368,Black Spruce,1,Xeric,Colonizers,2.3,plains,1.700734184,61.954022,-116.503907
ZF20-43C,ZF20,ZF20-43,2015-07-11,0,0,Black Spruce,1,Hydric,Colonizers,25.6,plains,NA,61.953587,-116.501038
ZF20-4A,ZF20,ZF20-4,2015-07-11,0,0,Black Spruce,1,Mesic,Colonizers,5.25,plains,5.299403481,61.862593,-116.597344
ZF20-4B,ZF20,ZF20-4,2015-07-13,0,0,Mixed,1,Xeric,Pleurocarpous,4.35,plains,1.750295906,61.861109,-116.595506
ZF20-52A,ZF20,ZF20-52,2015-06-29,0,0.024096385,Black Spruce,1,Mesic,Pleurocarpous,10.4,plains,8.682591435,61.619688,-117.117879
ZF20-52B,ZF20,ZF20-52,2015-06-29,0,0.146341463,Black Spruce,1,Xeric,Lichen,2.35,plains,2.000249137,61.618889,-117.116484
ZF20-52C,ZF20,ZF20-52,2015-06-29,0,0,Black Spruce,1,Mesic,Pleurocarpous,11.1,plains,5.9872779,61.620689,-117.119482
ZF20-597A,ZF20,ZF20-597,2016-06-09,0,0.055555556,Black Spruce,1,Hydric,Colonizers,20.9,plains,NA,61.80158,-116.72756
ZF20-597B,ZF20,ZF20-597,2016-06-09,0,0.033333333,Black Spruce,1,Xeric,Colonizers,5,plains,NA,61.80063,-116.72488
ZF20-59A,ZF20,ZF20-59,2015-07-12,0.062499999,0.46875,Mixed,1,Xeric,Colonizers,1.65,plains,0.91029963,61.927922,-116.484564
ZF20-59B,ZF20,ZF20-59,2015-07-12,0,0,Black Spruce,1,Mesic,Colonizers,5.75,plains,4.269055751,61.929622,-116.48547
ZF20-64A,ZF20,ZF20-64,2015-07-12,0.11111111,0,Black Spruce,1,Xeric,Colonizers,1.25,plains,0.605673919,61.927088,-116.504774
ZF20-64B,ZF20,ZF20-64,2015-07-12,0,0.933333334,Jack Pine,1,Xeric,Colonizers,1,plains,1.042235226,61.925931,-116.501387
ZF20-64C,ZF20,ZF20-64,2015-07-12,0,0,Black Spruce,1,Hydric,Colonizers,12.2,plains,9.786324642,61.925138,-116.502498
ZF20-6A,ZF20,ZF20-6,2015-06-27,0,0,Black Spruce,1,Xeric,Lichen,8.9,plains,NA,61.691005,-116.960153
ZF20-6B,ZF20,ZF20-6,2015-06-27,0,0,Black Spruce,1,Mesic,Pleurocarpous,4.2,plains,NA,61.691451,-116.955514
ZF20-6C,ZF20,ZF20-6,2015-06-27,0,0,Black Spruce,1,Hydric,Sphagnum,16.1,plains,NA,61.692834,-116.954497
ZF20-8A,ZF20,ZF20-8,2015-07-12,0.461538463,0.153846153,Mixed,1,Xeric,Lichen,5.2,plains,2.688045816,61.83888,-116.636206
ZF20-8B,ZF20,ZF20-8,2015-07-12,0,0,Mixed,1,Hydric,Pleurocarpous,24.7,plains,12.82608436,61.841343,-116.636212
ZF20-8C,ZF20,ZF20-8,2015-07-12,0,0,Black Spruce,1,Mesic,Pleurocarpous,21.3,plains,15.17241378,61.843307,-116.636047
ZF20-9A,ZF20,ZF20-9,2015-07-10,0,0,Black Spruce,1,Mesic,Pleurocarpous,11.85,plains,4.232777077,61.79347,-116.731926
ZF20-9B,ZF20,ZF20-9,2015-07-11,0,0,Black Spruce,1,Mesic,Colonizers,28.7,plains,NA,61.795912,-116.737058
ZF20-9C,ZF20,ZF20-9,2015-07-11,0,0,Black Spruce,1,Hydric,Pleurocarpous,23.8,plains,38.16474221,61.79548,-116.740261
ZF26-104A,ZF26,ZF26-104,2015-08-14,0,0,Black Spruce,1,Hydric,Sphagnum,31.15,shield,16.15801894,64.136446,-114.211082
ZF26-104B,ZF26,ZF26-104,2015-08-14,0.162790698,0,Black Spruce,1,Xeric,Colonizers,4,shield,2.669381607,64.137178,-114.20659
ZF26-104C,ZF26,ZF26-104,2015-08-13,0,0,Black Spruce,1,Mesic,Lichen,7.1,shield,3.070576559,64.138304,-114.205305
ZF26-112A,ZF26,ZF26-112,2015-08-16,0.33333333,0,Black Spruce,1,Xeric,Lichen,4.25,shield,NA,64.132745,-114.29137
ZF26-113B,ZF26,ZF26-113,2015-08-17,0.575757576,0,Deciduous,1,Xeric,Colonizers,3,shield,NA,64.130752,-114.300754
ZF26-113C,ZF26,ZF26-113,2015-08-17,0.916666666,0,Deciduous,1,Mesic,Lichen,4,shield,NA,64.13228,-114.301544
ZF26-118A,ZF26,ZF26-118,2015-08-16,0.846153846,0,Deciduous,1,Xeric,Lichen,3.15,shield,NA,64.122851,-114.295261
ZF26-118B,ZF26,ZF26-118,2015-08-16,0,0,Black Spruce,1,Hydric,Sphagnum,30.3,shield,NA,64.123146,-114.292541
ZF26-118C,ZF26,ZF26-118,2015-08-16,0,0,Black Spruce,1,Mesic,Lichen,5.2,shield,NA,64.124337,-114.293096
ZF26-50A,ZF26,ZF26-50,2015-08-13,0,0,Black Spruce,1,Xeric,Lichen,6.25,shield,NA,64.169108,-114.239513
ZF26-50B,ZF26,ZF26-50,2015-08-13,0.5,0,Deciduous,1,Xeric,Lichen,3.5,shield,NA,64.170415,-114.241935
ZF26-50C,ZF26,ZF26-50,2015-08-13,0,0,Black Spruce,1,Hydric,Sphagnum,34,shield,NA,64.169876,-114.237496
ZF26-54A,ZF26,ZF26-54,2015-08-13,0,0,Black Spruce,1,Hydric,Sphagnum,16.6,shield,NA,64.161816,-114.256523
ZF26-54B,ZF26,ZF26-54,2015-08-13,0.25,0,Black Spruce,1,Mesic,Lichen,9.65,shield,NA,64.160961,-114.258512
ZF26-54C,ZF26,ZF26-54,2015-08-13,0,0,Black Spruce,1,Xeric,Colonizers,4.85,shield,NA,64.159983,-114.265107
ZF26-5A,ZF26,ZF26-5,2015-08-13,0,0,Black Spruce,1,Xeric,Lichen,4.1,shield,NA,64.162024,-114.273296
ZF26-5B,ZF26,ZF26-5,2015-08-15,0,0,Black Spruce,1,Mesic,Sphagnum,10.05,shield,NA,64.163059,-114.273805
ZF26-5C,ZF26,ZF26-5,2015-08-15,0,0,Black Spruce,1,Hydric,Sphagnum,33.4,shield,NA,64.161839,-114.275587
ZF26-66A,ZF26,ZF26-66,2015-08-14,0,0,Black Spruce,1,Xeric,Colonizers,3.75,shield,NA,64.144182,-114.227293
ZF26-66B,ZF26,ZF26-66,2015-08-15,0,0,Black Spruce,1,Hydric,Sphagnum,26.85,shield,NA,64.142676,-114.224271
ZF26-66C,ZF26,ZF26-66,2015-08-15,0.666666666,0,Deciduous,1,Xeric,Lichen,1.9,shield,NA,64.142156,-114.22957
ZF26-6A,ZF26,ZF26-6,2015-08-12,0,0,Black Spruce,1,Hydric,Colonizers,9.3,shield,NA,64.168843,-114.22285
ZF26-6B,ZF26,ZF26-6,2015-08-12,0,0,Black Spruce,1,Mesic,Lichen,10.25,shield,NA,64.168582,-114.226852
ZF26-6C,ZF26,ZF26-6,2015-08-12,0.399999999,0,Black Spruce,1,Xeric,Lichen,3.7,shield,NA,64.168587,-114.230315
ZF26-7A,ZF26,ZF26-7,2015-08-14,0,0,Black Spruce,1,Mesic,Sphagnum,3.15,shield,NA,64.142468,-114.204189
ZF26-7B,ZF26,ZF26-7,2015-08-14,0,0,Black Spruce,1,Xeric,Colonizers,2,shield,NA,64.143904,-114.200895
ZF26-7C,ZF26,ZF26-7,2015-08-15,0,0,Black Spruce,1,Hydric,Lichen,22.9,shield,NA,64.14474,-114.197794
ZF26-96A,ZF26,ZF26-96,2015-08-12,0,0,Black Spruce,1,Mesic,Lichen,4.7,shield,2.670962736,64.153313,-114.267062
ZF26-96B,ZF26,ZF26-96,2015-08-12,0,0,Black Spruce,1,Hydric,Lichen,42.2,shield,14.91913049,64.154515,-114.266084
ZF26-96C,ZF26,ZF26-96,2015-08-12,0.461538462,0,Black Spruce,1,Xeric,Colonizers,3,shield,1.257212547,64.155846,-114.270177
ZF26-98A,ZF26,ZF26-98,2015-08-14,0.833333333,0,Deciduous,1,Xeric,Lichen,2,shield,2.393066851,64.142106,-114.24299
ZF26-98C,ZF26,ZF26-98,2015-08-14,0,0,Black Spruce,1,Mesic,Lichen,12.33333333,shield,6.852474138,64.142288,-114.239768
ZF35-11A,ZF35,ZF35-11,2015-07-29,0,0,Black Spruce,1,Hydric,Colonizers,20.3,plains,24.70356468,64.042219,-117.505311
ZF35-11B,ZF35,ZF35-11,2015-07-29,0,0,Black Spruce,1,Xeric,Lichen,1.8,plains,0.878855968,64.041144,-117.505505
ZF35-11C,ZF35,ZF35-11,2015-07-29,0,0,Black Spruce,1,Mesic,Lichen,4.35,plains,2.030978223,64.041816,-117.502513
ZF35-24A,ZF35,ZF35-24,2015-07-28,0,0,Black Spruce,1,Mesic,Pleurocarpous,25.7,plains,NA,64.108697,-117.459952
ZF35-24B,ZF35,ZF35-24,2015-07-28,0,0.090909092,Black Spruce,1,Xeric,Bare,1.85,plains,0.468500309,64.10922,-117.462922
ZF35-24C,ZF35,ZF35-24,2015-07-28,0,0,Black Spruce,1,Hydric,Sphagnum,39.3,plains,NA,64.10909,-117.465932
ZF35-29A,ZF35,ZF35-29,2015-07-30,0,0,Black Spruce,1,Hydric,Pleurocarpous,22.7,plains,5.921948425,64.09325,-117.463884
ZF35-29B,ZF35,ZF35-29,2015-07-31,0.416666666,0.166666668,Mixed,1,Xeric,Lichen,0.8,plains,0.664334963,64.09252,-117.461938
ZF35-29C,ZF35,ZF35-29,2015-07-31,0,0,Black Spruce,1,Mesic,Colonizers,22.1,plains,6.513897799,64.093535,-117.458573
ZF35-2A,ZF35,ZF35-2,2015-07-28,0,0,Mixed,1,Mesic,Bare,4.35,plains,NA,64.057239,-117.472969
ZF35-2B,ZF35,ZF35-2,2015-07-28,0,0,Black Spruce,1,Xeric,Lichen,3.15,plains,NA,64.056125,-117.476088
ZF35-2C,ZF35,ZF35-2,2015-07-28,0,0,Black Spruce,1,Hydric,Sphagnum,38.1,plains,NA,64.05538,-117.472481
ZF35-33B,ZF35,ZF35-33,2015-07-30,0.124999999,0.375000001,Black Spruce,1,Xeric,Colonizers,1.35,plains,0.582568196,64.078563,-117.456903
ZF35-33C,ZF35,ZF35-33,2015-07-31,0,0.095238095,Black Spruce,1,Mesic,Colonizers,2.15,plains,1.669784596,64.076262,-117.451551
ZF35-37A,ZF35,ZF35-37,2015-07-29,0.062500001,0,Black Spruce,1,Xeric,Pleurocarpous,2.05,plains,NA,64.04381,-117.495504
ZF35-37B,ZF35,ZF35-37,2015-07-29,0,0,Black Spruce,1,Hydric,Sphagnum,29.1,plains,NA,64.042852,-117.492945
ZF35-37C,ZF35,ZF35-37,2015-07-31,0,0,Black Spruce,1,Xeric,Lichen,1.3,plains,NA,64.0424,-117.498048
ZF35-39A,ZF35,ZF35-39,2015-07-30,0.2,0,Black Spruce,1,Mesic,Colonizers,4.7,plains,4.553626101,64.096237,-117.460743
ZF35-39B,ZF35,ZF35-39,2015-07-30,0,0,Mixed,1,Xeric,Colonizers,0.75,plains,0.809616036,64.097694,-117.458787
ZF35-39C,ZF35,ZF35-39,2015-07-30,0,0,Black Spruce,1,Hydric,Colonizers,19.2,plains,11.0364959,64.098154,-117.462336
ZF35-40A,ZF35,ZF35-40,2015-07-30,0.722222223,0.166666667,Deciduous,1,Xeric,Lichen,0.9,plains,0.337605888,64.076505,-117.461014
ZF35-40B,ZF35,ZF35-40,2015-07-30,0,0,Black Spruce,1,Mesic,Pleurocarpous,24,plains,23.52763224,64.075273,-117.462071
ZF35-40C,ZF35,ZF35-40,2015-07-30,0,0.624999999,Jack Pine,1,Xeric,Colonizers,0.1,plains,NA,64.075079,-117.459685
ZF35-9A,ZF35,ZF35-9,2015-07-29,0,0,Black Spruce,1,Hydric,Pleurocarpous,37,plains,28.97576918,64.109149,-117.471852
ZF35-9B,ZF35,ZF35-9,2015-07-29,0.333333333,0,Black Spruce,1,Xeric,Lichen,3.1,plains,1.424607512,64.108026,-117.471579
ZF35-9C,ZF35,ZF35-9,2015-07-29,0,0,Black Spruce,1,Mesic,Pleurocarpous,12,plains,6.665953583,64.10842,-117.468173
ZF44-16A,ZF44,ZF44-16,2015-08-01,0,0,Black Spruce,1,Mesic,Lichen,9.65,shield,NA,64.09808,-117.26506
ZF44-16B,ZF44,ZF44-16,2015-08-01,0,0,Black Spruce,1,Xeric,Colonizers,6.3,shield,NA,64.099431,-117.263315
ZF44-16C,ZF44,ZF44-16,2015-08-02,0.041666666,0,Black Spruce,1,Hydric,Sphagnum,37.8,shield,NA,64.100552,-117.265509
ZF44-36A,ZF44,ZF44-36,2015-08-03,0.61111111,0,Deciduous,1,Xeric,Colonizers,1.3,shield,NA,64.104986,-117.23712
ZF44-36B,ZF44,ZF44-36,2015-08-03,0,0,Black Spruce,1,Hydric,Sphagnum,37.1,shield,NA,64.106542,-117.236711
ZF44-36C,ZF44,ZF44-36,2015-08-03,0,0,Black Spruce,1,Mesic,Lichen,7.3,shield,NA,64.106064,-117.240759
ZF44-37A,ZF44,ZF44-37,2015-08-03,0,0.307692309,Black Spruce,1,Xeric,Lichen,1.75,shield,0.75988641,64.106213,-117.260777
ZF44-37B,ZF44,ZF44-37,2015-08-03,0,0,Black Spruce,1,Mesic,Lichen,6,shield,2.152014895,64.106985,-117.262237
ZF44-51A,ZF44,ZF44-51,2015-08-02,0.041666667,0,Mixed,1,Xeric,Colonizers,3.05,shield,2.466792133,64.159773,-117.18685
ZF44-51B,ZF44,ZF44-51,2015-08-02,0.88,0,Deciduous,1,Xeric,Lichen,2.6,shield,NA,64.159395,-117.183239
ZF44-51C,ZF44,ZF44-51,2015-08-02,0,0,Black Spruce,1,Hydric,Pleurocarpous,24,shield,NA,64.159362,-117.193759
ZF44-52A,ZF44,ZF44-52,2015-08-02,0,0,Mixed,1,Mesic,Colonizers,4.75,shield,1.293633997,64.156502,-117.19015
ZF44-52B,ZF44,ZF44-52,2015-08-05,0,0,Black Spruce,1,Hydric,Lichen,28,shield,NA,64.15645,-117.195993
ZF44-52C,ZF44,ZF44-52,2015-08-05,0.642857142,0,Deciduous,1,Xeric,Colonizers,0.65,shield,NA,64.154331,-117.194007
ZF44-54A,ZF44,ZF44-54,2015-08-02,0,0,Black Spruce,1,Mesic,Colonizers,14.3,shield,9.736535389,64.140734,-117.199043
ZF44-54B,ZF44,ZF44-54,2015-08-02,0.333333333,0,Mixed,1,Xeric,Lichen,2.9,shield,2.78762859,64.143217,-117.199638
ZF44-54C,ZF44,ZF44-54,2015-08-05,0,0,Black Spruce,1,Hydric,Colonizers,35.1,shield,25.18335453,64.139637,-117.204392
ZF44-5A,ZF44,ZF44-5,2015-08-03,0,0,Black Spruce,1,Hydric,Sphagnum,41.2,shield,10.9104462,64.102519,-117.252065
ZF44-5B,ZF44,ZF44-5,2015-08-03,0.333333332,0,Mixed,1,Xeric,Lichen,2.25,shield,0.921560089,64.102299,-117.255484
ZF44-5C,ZF44,ZF44-5,2015-08-04,0.302325582,0,Black Spruce,1,Mesic,Lichen,11,shield,2.532535647,64.101344,-117.253992
ZF44-71A,ZF44,ZF44-71,2015-08-05,0.14,0,Black Spruce,1,Mesic,Lichen,3.15,shield,1.666742829,64.118638,-117.197914
ZF44-71B,ZF44,ZF44-71,2015-08-05,0.006622517,0,Black Spruce,1,Hydric,Lichen,9.9,shield,4.654641208,64.11782,-117.200286
ZF44-71C,ZF44,ZF44-71,2015-08-05,0.208333333,0,Mixed,1,Xeric,Lichen,2.25,shield,1.495402741,64.118267,-117.203397
ZF44-9A,ZF44,ZF44-9,2015-08-03,0.096153846,0,Black Spruce,1,Xeric,Colonizers,3.7,shield,2.065845112,64.105562,-117.248825
ZF44-9C,ZF44,ZF44-9,2015-08-04,0.032258065,0,Black Spruce,1,Mesic,Colonizers,9.05,shield,2.816317904,64.104927,-117.251383
ZF46-15A,ZF46,ZF46-15,2015-07-14,0.5,0.449999999,Deciduous,1,Xeric,Lichen,1.4,plains,NA,62.477749,-116.50997
ZF46-15B,ZF46,ZF46-15,2015-07-14,0,0.348837209,Black Spruce,1,Mesic,Lichen,3.4,plains,NA,62.479209,-116.507
ZF46-15C,ZF46,ZF46-15,2015-07-15,0,0.057142857,Black Spruce,1,Hydric,Pleurocarpous,30.5,plains,NA,62.48114,-116.5082
ZF46-18A,ZF46,ZF46-18,2015-07-14,0,0.983870967,Jack Pine,1,Xeric,Colonizers,0.95,plains,0.567557164,62.345521,-116.47853
ZF46-18B,ZF46,ZF46-18,2015-07-14,0,0,Black Spruce,1,Hydric,Colonizers,36.6,plains,25.30094349,62.344838,-116.479873
ZF46-18C,ZF46,ZF46-18,2015-07-16,0.242424243,0.757575757,Jack Pine,1,Mesic,Lichen,3.85,plains,2.212524534,62.34368,-116.476407
ZF46-1A,ZF46,ZF46-1,2015-07-13,0,1,Jack Pine,1,Xeric,Bare,0.4,plains,NA,62.481289,-116.517971
ZF46-1B,ZF46,ZF46-1,2015-07-13,0,0,Black Spruce,1,Hydric,Pleurocarpous,16.1,plains,NA,62.479949,-116.519741
ZF46-1C,ZF46,ZF46-1,2015-07-14,0,0.066666666,Black Spruce,1,Mesic,Colonizers,11.35,plains,NA,62.484674,-116.517876
ZF46-21A,ZF46,ZF46-21,2015-07-15,0,0.434343435,Black Spruce,1,Mesic,Colonizers,1.75,plains,NA,62.34956,-116.51363
ZF46-21B,ZF46,ZF46-21,2015-07-15,0,0.102272727,Black Spruce,1,Hydric,Colonizers,14.7,plains,NA,62.350499,-116.508761
ZF46-21C,ZF46,ZF46-21,2015-07-16,0,1,Jack Pine,1,Xeric,Lichen,1.95,plains,NA,62.351207,-116.505123
ZF46-24A,ZF46,ZF46-24,2015-08-21,0.2,0.7,Jack Pine,1,Xeric,Colonizers,2.7,plains,NA,62.347525,-116.511635
ZF46-24B,ZF46,ZF46-24,2015-08-21,0,0.277227723,Black Spruce,1,Mesic,Pleurocarpous,5.85,plains,NA,62.347227,-116.509055
ZF46-24C,ZF46,ZF46-24,2015-08-21,0.21875,0.749999999,Jack Pine,1,Xeric,Lichen,1.5,plains,NA,62.34981,-116.500331
ZF46-30A,ZF46,ZF46-30,2015-07-15,0.333333332,0.466666668,Mixed,1,Mesic,Colonizers,3.2,plains,1.972530007,62.427287,-116.503465
ZF46-30B,ZF46,ZF46-30,2015-07-15,0,0.0125,Black Spruce,1,Hydric,Lichen,26.95,plains,22.02719572,62.424989,-116.501221
ZF46-30C,ZF46,ZF46-30,2015-07-15,0.255319149,0.40425532,Mixed,1,Mesic,Liverwort,2.45,plains,1.611920701,62.427253,-116.498949
ZF46-35A,ZF46,ZF46-35,2015-06-18,0,0.05882353,Black Spruce,1,Mesic,Colonizers,25.65,plains,NA,62.45081,-116.49489
ZF46-35B,ZF46,ZF46-35,2015-06-23,0,0.888888889,Jack Pine,1,Xeric,Colonizers,0.35,plains,NA,62.450936,-116.497903
ZF46-35C,ZF46,ZF46-35,2015-06-23,0,0.025641026,Black Spruce,1,Mesic,Pleurocarpous,20.75,plains,NA,62.449607,-116.496288
ZF46-37A,ZF46,ZF46-37,2015-08-22,0,0.206896552,Black Spruce,1,Mesic,Colonizers,7.05,plains,NA,62.463903,-116.504655
ZF46-37B,ZF46,ZF46-37,2015-08-22,0,0.107438017,Black Spruce,1,Mesic,Colonizers,5.8,plains,NA,62.464255,-116.506376
ZF46-37C,ZF46,ZF46-37,2015-08-22,0,0.838709676,Jack Pine,1,Xeric,Colonizers,1.6,plains,NA,62.465338,-116.506718
ZF46-401A,ZF46,ZF46-401,2016-06-08,0,0.924731183,Jack Pine,1,Xeric,Lichen,3.3,plains,NA,62.344769,-116.48331
ZF46-401B,ZF46,ZF46-401,2016-06-08,0,0.434782609,Mixed,1,Mesic,Colonizers,2.21,plains,NA,62.347382,-116.487537
ZF46-45A,ZF46,ZF46-45,2015-07-17,0.92,0.08,Deciduous,1,Xeric,Colonizers,1.3,plains,1.390676205,62.37752,-116.508
ZF46-45B,ZF46,ZF46-45,2015-07-17,0.375000001,0.5,Jack Pine,1,Xeric,Colonizers,2.7,plains,1.300132832,62.376817,-116.505267
ZF46-46A,ZF46,ZF46-46,2015-08-21,0.466666668,0.533333332,Jack Pine,1,Xeric,Lichen,1.45,plains,NA,62.379622,-116.494302
ZF46-48A,ZF46,ZF46-48,2015-07-15,0,0.034090909,Black Spruce,1,Mesic,Colonizers,21,plains,NA,62.336107,-116.460835
ZF46-48B,ZF46,ZF46-48,2015-07-15,0.058823529,0.588235294,Jack Pine,1,Xeric,Colonizers,2.15,plains,NA,62.335501,-116.463558
ZF46-48C,ZF46,ZF46-48,2015-07-15,0,1,Jack Pine,1,Xeric,Lichen,2.35,plains,NA,62.334596,-116.466773
ZF46-51A,ZF46,ZF46-51,2015-07-16,0,0.2,Black Spruce,1,Mesic,Colonizers,10.9,plains,NA,62.358387,-116.488399
ZF46-51B,ZF46,ZF46-51,2015-07-16,0.421052631,0.578947369,Jack Pine,1,Xeric,Lichen,0.75,plains,NA,62.35941,-116.490063
ZF46-51C,ZF46,ZF46-51,2015-07-16,0,0.14,Black Spruce,1,Xeric,Pleurocarpous,2.75,plains,NA,62.360056,-116.491887
ZF46-5A,ZF46,ZF46-5,2015-07-16,0,0.070422535,Black Spruce,1,Mesic,Lichen,5.85,plains,3.073746898,62.482005,-116.603527
ZF46-5B,ZF46,ZF46-5,2015-07-16,0,0,Black Spruce,1,Hydric,Pleurocarpous,20.6,plains,11.53996571,62.483731,-116.602948
ZF46-5C,ZF46,ZF46-5,2015-07-16,0.23076923,0.76923077,Jack Pine,1,Xeric,Lichen,1.15,plains,1.281441037,62.48501,-116.600188
ZF46-875A,ZF46,ZF46-875,2016-06-09,0.2,0.68,Jack Pine,1,Xeric,Lichen,1.64,plains,NA,62.349765,-116.497562